ReviewID,EmployeeID,ReviewDate,FeedbackType,Feedback,ReviewerID
503,172,2023-07-08,Positive,Four law particular fund.,298
737,190,2024-05-24,Positive,Exactly campaign wall life necessary soon.,293
909,111,2023-09-09,Constructive,Total science agency say effect.,267
222,122,2024-01-11,Positive,He my information attack leg.,247
851,145,2024-04-18,Positive,Six might his peace need similar.,249
419,162,2023-07-15,Positive,Big herself possible interest unit population interest seven.,219
637,115,2023-07-08,Positive,Task that figure weight.,223
735,109,2024-01-09,Positive,Around finish feeling lawyer.,231
491,106,2023-07-12,Positive,Country sign man.,269
192,168,2023-11-14,Constructive,Big couple better finish practice nearly rule.,261
149,171,2023-11-07,Positive,Require behind memory child dinner meeting.,248
663,171,2023-08-01,Constructive,Adult Republican partner including.,218
522,152,2024-05-10,Constructive,Special can time room about learn according response.,263
137,104,2023-11-09,Positive,Read plant late response space do person market.,236
412,166,2023-08-11,Positive,Article action each test mind company.,275
899,172,2023-10-06,Constructive,Keep form off add finally least.,282
629,188,2024-04-26,Positive,Whatever be someone.,222
510,170,2024-02-24,Constructive,Care choose smile inside.,215
370,155,2023-07-25,Constructive,Even rest forward kind including among ago.,258
798,175,2023-10-24,Constructive,Successful specific coach major.,272
917,118,2023-12-26,Constructive,Remain list level recent attention save.,273
666,185,2024-06-26,Constructive,Image only become church.,256
919,144,2023-09-19,Positive,Win across staff professor can board.,295
311,184,2024-05-23,Positive,Quite series everything third including so picture.,254
131,167,2023-12-25,Positive,Economy low newspaper into white.,234
952,190,2023-09-30,Positive,Quite receive staff career operation road open.,253
915,196,2023-08-22,Positive,True hour involve senior start.,267
510,157,2024-05-01,Positive,Get watch it letter.,225
156,146,2023-12-27,Constructive,Above few officer high city general.,285
134,130,2024-05-19,Positive,Shake instead little officer investment.,270
506,164,2024-01-25,Positive,Save four require scientist direction.,293
852,188,2024-02-15,Constructive,Character research tend type measure six.,236
934,179,2023-07-14,Positive,Baby right alone space take collection provide.,255
109,128,2024-05-08,Positive,Standard manager nice half your.,266
817,173,2023-12-31,Positive,Others teacher area rise.,282
176,161,2024-01-14,Constructive,Anything physical suggest participant next opportunity.,223
194,147,2024-05-12,Positive,Total sense Republican Republican training hear.,236
122,200,2024-02-03,Positive,Finish professional continue effect position toward knowledge.,222
230,158,2023-11-24,Positive,Cup story debate it officer friend capital leg.,206
438,161,2023-12-21,Constructive,Fact agency wife night enough team whatever group.,262
387,166,2023-06-29,Constructive,Majority soldier resource prevent property table.,278
349,122,2023-11-20,Constructive,Sort focus modern.,252
750,174,2023-10-13,Constructive,Next stuff party answer play weight huge or.,221
605,163,2023-11-19,Positive,Evidence return move head.,277
858,106,2023-12-04,Positive,Blood road drug where talk even chance form.,275
461,171,2024-03-11,Constructive,Million bar both low man drive difference.,241
744,163,2023-07-01,Constructive,Marriage parent heavy manage.,274
432,189,2023-07-31,Constructive,Former now economy point institution.,258
750,159,2024-01-08,Positive,Nothing improve tonight fear bag nothing.,299
281,133,2023-11-22,Constructive,Congress class seek yard situation order stop special.,280
65,116,2023-09-10,Positive,Through think effect whose away win may break.,261
21,159,2023-11-28,Constructive,Scientist relationship several behind.,222
228,168,2024-05-04,Constructive,Value happen professional throughout it suffer word.,257
542,199,2024-02-19,Positive,Produce special wonder sense through teach wish.,280
625,163,2023-09-04,Positive,System person space strategy challenge inside court.,207
634,199,2023-10-18,Constructive,Piece fast yard any same.,262
954,113,2024-05-22,Constructive,Sure agree that book because consumer thousand.,271
319,125,2024-03-18,Positive,Type whole mission hit.,247
875,180,2023-06-27,Positive,Step hotel sometimes too artist likely win have.,282
433,166,2023-07-21,Constructive,Race guy capital.,292
80,177,2023-07-23,Positive,Draw physical against send according.,223
187,178,2023-11-25,Positive,Peace smile so ready along receive.,266
539,121,2024-05-20,Constructive,Parent modern treatment themselves tree conference writer five.,231
827,159,2023-06-28,Positive,Season part whole sit contain turn pick.,286
390,168,2024-05-01,Constructive,Assume husband community.,270
779,186,2023-08-01,Positive,Million than offer our while.,257
969,119,2023-10-20,Constructive,Upon threat collection goal face far school.,279
16,185,2023-10-29,Constructive,Approach well at between.,300
917,188,2023-10-31,Positive,Garden should just.,225
602,161,2024-02-07,Positive,Development ball goal off door century military.,209
832,186,2023-07-19,Constructive,Face economy example describe bar exactly.,273
821,147,2024-03-05,Constructive,Discussion may four civil stand.,263
606,174,2023-10-02,Positive,Know hope dinner strategy wish role game.,242
94,118,2023-09-24,Positive,Forward chair where physical someone specific.,245
356,158,2024-06-14,Constructive,Instead account source talk successful different.,219
399,125,2023-10-16,Positive,Brother change benefit space production goal recognize.,268
526,156,2023-10-17,Constructive,Some upon Republican senior long.,293
45,196,2023-12-31,Positive,Officer artist edge response.,230
278,160,2023-07-18,Positive,Into couple painting after will.,274
526,179,2023-11-24,Constructive,Agree image special training laugh two involve.,246
422,113,2023-12-15,Positive,Show difference until tough herself.,235
819,129,2023-09-06,Positive,My many run need.,286
494,153,2024-02-16,Constructive,Direction air explain.,213
665,164,2023-08-29,Positive,Establish into another there identify.,204
62,119,2023-12-04,Positive,I let main black sound act agency.,243
164,116,2024-02-21,Positive,Such could police light behind.,263
264,185,2024-05-14,Positive,Relationship whatever society series economic these appear.,238
561,134,2023-09-05,Positive,Protect imagine career north we.,202
566,153,2023-09-23,Positive,During market what general popular.,289
330,171,2024-01-12,Constructive,Letter forget face behind.,211
513,167,2023-09-03,Positive,All certain street stage street turn.,273
12,180,2023-10-23,Constructive,Still hard and play strong.,289
546,104,2024-05-30,Constructive,Anyone leave seek day share.,300
625,120,2023-12-05,Constructive,None down why glass impact plan.,260
340,135,2024-03-11,Constructive,My hear hard full protect.,246
99,101,2023-11-04,Constructive,Prepare unit drop find final society religious.,228
981,130,2024-02-14,Constructive,Central teach several care.,240
975,162,2024-02-29,Constructive,Keep little name adult.,257
82,162,2023-11-20,Positive,Pm question environment to because.,222
72,101,2024-02-18,Positive,None give city clear cultural east.,282
